{
	"info": {
		"_postman_id": "c9c04bf9-03b7-426e-a142-01c5427045ed",
		"name": "Market",
		"schema": "https://schema.getpostman.com/json/collection/v2.1.0/collection.json",
		"_exporter_id": "49659466",
		"_collection_link": "https://deciuswoodson-fs-6821559.postman.co/workspace/Woodson-Decius's-Workspace~a7aa35aa-de0e-4c81-8b62-d55ea486e645/collection/49659466-c9c04bf9-03b7-426e-a142-01c5427045ed?action=share&source=collection_link&creator=49659466"
	},
	"item": [
		{
			"name": "Stores",
			"item": [
				{
					"name": "All stores",
					"event": [
						{
							"listen": "test",
							"script": {
								"exec": [
									"// Test 1: Check for \"200\" status\r",
									"pm.test(\"Status code is 201\", function (){\r",
									"    pm.response.to.have.status(201);\r",
									"});\r",
									"\r",
									"// Test 2: Check the repsonse body macthes\r",
									"pm.test(\"Response body has the correct name and location\", function () {\r",
									"    const res = pm.response.json();\r",
									"    pm.expect(res.name).to.equal(\"Test Store\");\r",
									"    pm.expect(res.location).to.equal(\"123 ABC St\");\r",
									"});\r",
									"\r",
									"// Test 3: Check for required properties and save new ID\r",
									"pm.test(\"Response has _id and timestamps, and saves _id to variable\", function () {\r",
									"    const res = pm.response.json();\r",
									"\r",
									"    // Check that MongoDB added the ID\r",
									"    pm.expect(res).to.have.property(\"_id\");\r",
									"    // Check that timestamps: true is working\r",
									"    pm.expect(res).to.have.property(\"createdAt\");\r",
									"});"
								],
								"type": "text/javascript",
								"packages": {},
								"requests": {}
							}
						}
					],
					"request": {
						"method": "POST",
						"header": [],
						"body": {
							"mode": "raw",
							"raw": "{\r\n    \"name\": \"Test Store\",\r\n    \"location\": \"123 ABC St\"\r\n}",
							"options": {
								"raw": {
									"language": "json"
								}
							}
						},
						"url": {
							"raw": "http://localhost:3000/api/stores/",
							"protocol": "http",
							"host": [
								"localhost"
							],
							"port": "3000",
							"path": [
								"api",
								"stores",
								""
							]
						}
					},
					"response": []
				},
				{
					"name": "Get by ID",
					"event": [
						{
							"listen": "test",
							"script": {
								"exec": [
									"// Test 1: Check for 200 OK status \r",
									"pm.test(\"Status code is 200 OK\", function () {\r",
									"    pm.response.to.have.status(200);\r",
									"});\r",
									"\r",
									"// Test 2: Check the ID in the body macthes\r",
									"pm.test(\"Response body _id matches requested ID\", function () {\r",
									"    const res = pm.response.json();\r",
									"    const requestedId = pm.environment.get(\"newStoreId\");\r",
									"    pm.expect(res._id).to.equal(requestedId);\r",
									"});\r",
									"\r",
									"//Test 3: Check the store data is correct\r",
									"pm.test(\"Store name is correct\", function () {\r",
									"    const res = pm.response.json();\r",
									"    pm.expect(res.name).to.equal(\"Test Store\");\r",
									"});"
								],
								"type": "text/javascript",
								"packages": {},
								"requests": {}
							}
						}
					],
					"protocolProfileBehavior": {
						"disableBodyPruning": true
					},
					"request": {
						"method": "GET",
						"header": [],
						"body": {
							"mode": "raw",
							"raw": "{\r\n    \"name\": \"Test Store\",\r\n    \"location\": \"123 ABC St\"\r\n}"
						},
						"url": {
							"raw": "http://localhost:3000/api/stores/{{newStoreId}}",
							"protocol": "http",
							"host": [
								"localhost"
							],
							"port": "3000",
							"path": [
								"api",
								"stores",
								"{{newStoreId}}"
							]
						}
					},
					"response": []
				},
				{
					"name": "Put",
					"event": [
						{
							"listen": "test",
							"script": {
								"exec": [
									"// Test 1: Check for a \"200 OK\" status \r",
									"pm.test(\"Status code is 200 OK\", function() {\r",
									"    pm.response.to.have.status(200);\r",
									"});\r",
									"\r",
									"// Test 2: Check that body reflects the changes\r",
									"pm.test(\"Response body reflects updated name and location\", function() {\r",
									"    const res = pm.response.json();\r",
									"    pm.expect(res.name).to.equal(\"Test Store Update via PUT\");\r",
									"    pm.expect(res.location).to.equal(\"132 ACB St\");\r",
									"});\r",
									"\r",
									"// Test 3: Check that the ID did  NOT change \r",
									"pm.test(\"_id remains the same even after updated name and location\", function () {\r",
									"    const res = pm.response.json();\r",
									"    const requestedId = pm.environment.get(\"newStoreId\");\r",
									"    pm.expect(res._id).to.equal(requestedId);\r",
									"}); "
								],
								"type": "text/javascript",
								"packages": {},
								"requests": {}
							}
						}
					],
					"request": {
						"method": "PUT",
						"header": [],
						"body": {
							"mode": "raw",
							"raw": "{\r\n    \"name\": \"Test Store Update via PUT\",\r\n    \"location\": \"132 ACB St\"\r\n}",
							"options": {
								"raw": {
									"language": "json"
								}
							}
						},
						"url": {
							"raw": "http://localhost:3000/api/stores/{{newStoreId}}",
							"protocol": "http",
							"host": [
								"localhost"
							],
							"port": "3000",
							"path": [
								"api",
								"stores",
								"{{newStoreId}}"
							]
						}
					},
					"response": []
				},
				{
					"name": "Get All Stores",
					"protocolProfileBehavior": {
						"disableBodyPruning": true
					},
					"request": {
						"method": "GET",
						"header": [],
						"body": {
							"mode": "raw",
							"raw": "",
							"options": {
								"raw": {
									"language": "json"
								}
							}
						},
						"url": {
							"raw": "http://localhost:3000/api/stores/",
							"protocol": "http",
							"host": [
								"localhost"
							],
							"port": "3000",
							"path": [
								"api",
								"stores",
								""
							]
						}
					},
					"response": []
				},
				{
					"name": "Delete specific store",
					"event": [
						{
							"listen": "test",
							"script": {
								"exec": [
									"// Test 1: Check for a \"200 OK\" status\r",
									"pm.test(\"Status code is 200 OK\", () => {\r",
									"    pm.response.to.have.status(200);\r",
									"});\r",
									"\r",
									"// Test 2: Check for the deletion confirmation message\r",
									"pm.test(\"Response body contains the correct deletion message\", () => {\r",
									"    const res = pm.response.json();\r",
									"    pm.expect(res.message).to.equal(\"Store and all associated products deleted\");\r",
									"});\r",
									"\r",
									"// Test 3: Clear the environment variable\r",
									"pm.test(\"Clear the newStoreId variable\", () => {\r",
									"    pm.environment.unset(\"newStoreId\");\r",
									"    console.log(\"newStoreId variable cleared.\");\r",
									"});\r",
									""
								],
								"type": "text/javascript",
								"packages": {},
								"requests": {}
							}
						}
					],
					"request": {
						"method": "DELETE",
						"header": [],
						"url": {
							"raw": "http://localhost:3000/api/stores/{{newStoreId}}",
							"protocol": "http",
							"host": [
								"localhost"
							],
							"port": "3000",
							"path": [
								"api",
								"stores",
								"{{newStoreId}}"
							]
						}
					},
					"response": []
				},
				{
					"name": "Populate Get",
					"request": {
						"method": "GET",
						"header": []
					},
					"response": []
				}
			]
		},
		{
			"name": "Products",
			"item": [
				{
					"name": "Product",
					"request": {
						"method": "POST",
						"header": [],
						"body": {
							"mode": "raw",
							"raw": "{\r\n    \"name\": \"NyQuil\",\r\n    \"price\": 5.99,\r\n    \"category\": \"Other\",\r\n    \"storeId\": \"690a791a8ad9d208a28800a7\"\r\n}",
							"options": {
								"raw": {
									"language": "json"
								}
							}
						},
						"url": {
							"raw": "http://localhost:3000/api/products",
							"protocol": "http",
							"host": [
								"localhost"
							],
							"port": "3000",
							"path": [
								"api",
								"products"
							]
						}
					},
					"response": []
				},
				{
					"name": "Get Product",
					"event": [
						{
							"listen": "test",
							"script": {
								"exec": [
									"//Test for \"Status 200 OK\" status\r",
									"pm.test(\"Status code is 200\", function () {\r",
									"    pm.response.to.have.status(200);\r",
									"});\r",
									"\r",
									"//Test for data retuning as an array\r",
									"pm.test(\"Response has data array\", function () {\r",
									"    var jsonData = pm.response.json();\r",
									"    pm.expect(jsonData).to.have.property('data');\r",
									"    pm.expect(jsonData.data).to.be.an('array');\r",
									"});\r",
									"\r",
									"//Test to check all products are in Electronics category \r",
									"pm.test(\"All products are Electronics category\", function () {\r",
									"    var jsonData = pm.response.json();\r",
									"    jsonData.data.forEach(function(product) {\r",
									"        pm.expect(product.category).to.eql('Electronics');\r",
									"    });\r",
									"});\r",
									"\r",
									"//Test to check if the response has the correct structure and success status is true\r",
									"pm.test(\"Response has correct structure\", function () {\r",
									"    var jsonData = pm.response.json();\r",
									"    pm.expect(jsonData).to.have.property('success', true);\r",
									"    pm.expect(jsonData).to.have.property('message');\r",
									"});"
								],
								"type": "text/javascript",
								"packages": {},
								"requests": {}
							}
						}
					],
					"protocolProfileBehavior": {
						"disableBodyPruning": true
					},
					"request": {
						"method": "GET",
						"header": [],
						"body": {
							"mode": "raw",
							"raw": ""
						},
						"url": {
							"raw": "http://localhost:3000/api/products?category=Electronics",
							"protocol": "http",
							"host": [
								"localhost"
							],
							"port": "3000",
							"path": [
								"api",
								"products"
							],
							"query": [
								{
									"key": "category",
									"value": "Electronics"
								}
							]
						}
					},
					"response": []
				},
				{
					"name": "Get Products via Pagination test",
					"event": [
						{
							"listen": "test",
							"script": {
								"exec": [
									"//Test for \"Status 200 OK\" status\r",
									"pm.test(\"Status code is 200\", function () {\r",
									"    pm.response.to.have.status(200);\r",
									"});\r",
									"\r",
									"//Test to check if 5 products were returned \r",
									"pm.test(\"Response contains at most 5 products\", function () {\r",
									"    var jsonData = pm.response.json();\r",
									"    pm.expect(jsonData.data.length).to.be.at.most(5);\r",
									"});\r",
									"\r",
									"//Test to check if response returned is in the correct structure \r",
									"pm.test(\"Response has correct structure\", function () {\r",
									"    var jsonData = pm.response.json();\r",
									"    pm.expect(jsonData).to.have.property('data');\r",
									"    pm.expect(jsonData).to.have.property('success', true);\r",
									"    pm.expect(jsonData).to.have.property('message');\r",
									"});"
								],
								"type": "text/javascript",
								"packages": {},
								"requests": {}
							}
						}
					],
					"request": {
						"method": "GET",
						"header": [],
						"url": {
							"raw": "http://localhost:3000/api/products?page=1&limit=5",
							"protocol": "http",
							"host": [
								"localhost"
							],
							"port": "3000",
							"path": [
								"api",
								"products"
							],
							"query": [
								{
									"key": "page",
									"value": "1"
								},
								{
									"key": "limit",
									"value": "5"
								}
							]
						}
					},
					"response": []
				}
			]
		}
	]
}